window,level,agent,seed,total_return,sharpe,execution_fill_rate,turnover_events
rates_drawdown_2022,E0_ideal,buy-and-hold,1,0.5384810228720092,9.02494925923176,0.8916155419222904,872
rates_drawdown_2022,E0_ideal,buy-and-hold,2,0.6301541068674821,10.401246796473346,0.9237899073120495,897
rates_drawdown_2022,E0_ideal,buy-and-hold,3,0.6375303208823702,10.073300611108127,0.9005128205128206,878
rates_drawdown_2022,E0_ideal,signal-weighted,1,1.405621608962735,19.86039175968016,0.8686708860759493,549
rates_drawdown_2022,E0_ideal,signal-weighted,2,1.63444946004598,21.284720210855312,0.886094674556213,599
rates_drawdown_2022,E0_ideal,signal-weighted,3,1.4258348100876117,19.122637738711788,0.9073806078147613,627
rates_drawdown_2022,E0_ideal,naive-momentum,1,2.0534470891520016,24.505378915655367,0.9390070921985816,662
rates_drawdown_2022,E0_ideal,naive-momentum,2,2.289381041366845,26.16258166382683,0.9425444596443229,689
rates_drawdown_2022,E0_ideal,naive-momentum,3,2.125246469176689,23.35207736252009,0.943089430894309,696
rates_drawdown_2022,E0_ideal,mean-reversion,1,-0.3694014134620188,-10.600667931456826,0.9694835680751174,413
rates_drawdown_2022,E0_ideal,mean-reversion,2,-0.3324146361598753,-8.450718164372336,0.9387254901960784,383
rates_drawdown_2022,E0_ideal,mean-reversion,3,-0.288847169597519,-7.197568020076949,0.9609756097560975,394
rates_drawdown_2022,E0_ideal,risk-parity,1,0.5420366679221129,9.323792098937838,0.9258215962441314,986
rates_drawdown_2022,E0_ideal,risk-parity,2,0.6317281932408692,10.509380633778523,0.9292452830188679,985
rates_drawdown_2022,E0_ideal,risk-parity,3,0.6230636030679555,10.254141467851657,0.9340245051837889,991
rates_drawdown_2022,E0_ideal,minimum-variance,1,0.5793027181408126,11.237130956785759,0.9519321394910462,1010
rates_drawdown_2022,E0_ideal,minimum-variance,2,0.6765600047229914,13.49692461779824,0.931067044381492,986
rates_drawdown_2022,E0_ideal,minimum-variance,3,0.742261916772063,13.353178800423668,0.9281663516068053,982
rates_drawdown_2022,E0_ideal,random,1,0.32748579681030887,6.488917406482114,0.9301181102362205,945
rates_drawdown_2022,E0_ideal,random,2,0.5012432033571441,9.80222914831409,0.9381044487427466,970
rates_drawdown_2022,E0_ideal,random,3,0.5063057814917022,8.917018297413623,0.9420560747663551,1008
rates_drawdown_2022,E1_default_stress,buy-and-hold,1,0.49826794132722574,8.575929394065286,0.8605313092979127,907
rates_drawdown_2022,E1_default_stress,buy-and-hold,2,0.5896914936810473,9.929961634640925,0.8603988603988604,906
rates_drawdown_2022,E1_default_stress,buy-and-hold,3,0.5995933421851336,9.621437909944962,0.8701050620821394,911
rates_drawdown_2022,E1_default_stress,signal-weighted,1,1.144290222033947,17.052116469959937,0.8033794162826421,523
rates_drawdown_2022,E1_default_stress,signal-weighted,2,1.312567029144431,17.828416936824404,0.8338150289017341,577
rates_drawdown_2022,E1_default_stress,signal-weighted,3,1.0539215267451127,15.21299443578485,0.8257261410788381,597
rates_drawdown_2022,E1_default_stress,naive-momentum,1,1.659825082195225,20.282270699630235,0.8323943661971831,591
rates_drawdown_2022,E1_default_stress,naive-momentum,2,1.8585863621582264,22.005954156296987,0.8295302013422818,618
rates_drawdown_2022,E1_default_stress,naive-momentum,3,1.7714369293131238,20.42892487943596,0.8437086092715231,637
rates_drawdown_2022,E1_default_stress,mean-reversion,1,-0.3996632573955048,-10.528470111073505,0.8609865470852018,384
rates_drawdown_2022,E1_default_stress,mean-reversion,2,-0.36289468291894944,-8.88616892635434,0.8287671232876712,363
rates_drawdown_2022,E1_default_stress,mean-reversion,3,-0.36416718416176974,-8.677055926719008,0.8333333333333334,365
rates_drawdown_2022,E1_default_stress,risk-parity,1,0.34560336600271424,6.667273533901945,0.8753488372093023,941
rates_drawdown_2022,E1_default_stress,risk-parity,2,0.4921701332430346,9.004559619784722,0.8608534322820037,928
rates_drawdown_2022,E1_default_stress,risk-parity,3,0.45799556454262236,7.745226944559887,0.8850787766450418,955
rates_drawdown_2022,E1_default_stress,minimum-variance,1,0.4281733010641984,8.546184714277315,0.8392523364485981,898
rates_drawdown_2022,E1_default_stress,minimum-variance,2,0.48312511585313467,9.808188118026054,0.8770949720670391,942
rates_drawdown_2022,E1_default_stress,minimum-variance,3,0.6038715139353112,10.992455738612074,0.8701787394167451,925
rates_drawdown_2022,E1_default_stress,random,1,0.24613744564187234,4.873128774945226,0.7774480712166172,786
rates_drawdown_2022,E1_default_stress,random,2,0.327826019647123,6.847546707044923,0.8011583011583011,830
rates_drawdown_2022,E1_default_stress,random,3,0.26039096619456137,4.654357983591958,0.8011472275334608,838
rates_drawdown_2022,E2_spread_20bps,buy-and-hold,1,0.48834355091197246,8.423175882812444,0.8612167300380228,906
rates_drawdown_2022,E2_spread_20bps,buy-and-hold,2,0.5798222183316615,9.784692804357046,0.867816091954023,906
rates_drawdown_2022,E2_spread_20bps,buy-and-hold,3,0.5930970230002637,9.525863843454935,0.8787010506208214,920
rates_drawdown_2022,E2_spread_20bps,signal-weighted,1,1.0796139409308458,16.369124845933268,0.8003072196620584,521
rates_drawdown_2022,E2_spread_20bps,signal-weighted,2,1.245006335176825,17.102306738322373,0.836940836940837,580
rates_drawdown_2022,E2_spread_20bps,signal-weighted,3,0.976710524710414,14.374972919590443,0.8337950138504155,602
rates_drawdown_2022,E2_spread_20bps,naive-momentum,1,1.5492290841123335,19.28041196322915,0.823943661971831,585
rates_drawdown_2022,E2_spread_20bps,naive-momentum,2,1.7510588127169857,21.101781110418898,0.8333333333333334,620
rates_drawdown_2022,E2_spread_20bps,naive-momentum,3,1.6620868990382696,19.529963270921183,0.8514588859416445,642
rates_drawdown_2022,E2_spread_20bps,mean-reversion,1,-0.4217104455022548,-11.269304578839296,0.8565022421524664,382
rates_drawdown_2022,E2_spread_20bps,mean-reversion,2,-0.38889955486671157,-9.700283095763918,0.8333333333333334,365
rates_drawdown_2022,E2_spread_20bps,mean-reversion,3,-0.3932498537612651,-9.590277830499293,0.8375286041189931,366
rates_drawdown_2022,E2_spread_20bps,risk-parity,1,0.2890742950747811,5.716215217266331,0.8700092850510678,937
rates_drawdown_2022,E2_spread_20bps,risk-parity,2,0.43628322115751184,8.144422076447439,0.8513011152416357,916
rates_drawdown_2022,E2_spread_20bps,risk-parity,3,0.3950296733798011,6.848400238021082,0.8886827458256029,958
rates_drawdown_2022,E2_spread_20bps,minimum-variance,1,0.37745947757740494,7.66894177422451,0.8412698412698413,901
rates_drawdown_2022,E2_spread_20bps,minimum-variance,2,0.4310665646223928,8.90740081538203,0.8713886300093197,935
rates_drawdown_2022,E2_spread_20bps,minimum-variance,3,0.5536043567448994,10.231101516480456,0.8734655335221907,925
rates_drawdown_2022,E2_spread_20bps,random,1,0.1753144418879682,3.5527332621369987,0.7776679841897233,787
rates_drawdown_2022,E2_spread_20bps,random,2,0.24669668641305464,5.327677064026973,0.7976878612716763,828
rates_drawdown_2022,E2_spread_20bps,random,3,0.18119767635650752,3.3513988192218536,0.8070678127984718,845
rates_drawdown_2022,E2_latency_3,buy-and-hold,1,0.4573346603154258,6.967336410647267,0.6222014925373134,667
rates_drawdown_2022,E2_latency_3,buy-and-hold,2,0.4287688975163586,5.882601101702525,0.6189591078066915,666
rates_drawdown_2022,E2_latency_3,buy-and-hold,3,0.4507717967174063,6.97720813370607,0.6232427366447985,665
rates_drawdown_2022,E2_latency_3,signal-weighted,1,0.9476106574955339,13.434997279397702,0.5765765765765766,384
rates_drawdown_2022,E2_latency_3,signal-weighted,2,1.1443738822153673,13.482161484962495,0.5757997218358831,414
rates_drawdown_2022,E2_latency_3,signal-weighted,3,0.8787777578885696,10.827089339656373,0.576551724137931,418
rates_drawdown_2022,E2_latency_3,naive-momentum,1,1.6726876172366416,17.319271299302528,0.5527027027027027,409
rates_drawdown_2022,E2_latency_3,naive-momentum,2,1.6886259567191555,15.063031686718084,0.5401554404145078,417
rates_drawdown_2022,E2_latency_3,naive-momentum,3,1.5586972397412815,15.69608966935926,0.5822784810126582,460
rates_drawdown_2022,E2_latency_3,mean-reversion,1,-0.3456239868935336,-8.340670773065991,0.5753715498938429,271
rates_drawdown_2022,E2_latency_3,mean-reversion,2,-0.265773333521064,-5.525739458113585,0.5705263157894737,271
rates_drawdown_2022,E2_latency_3,mean-reversion,3,-0.2265296185416823,-3.864375817891133,0.5604166666666667,269
rates_drawdown_2022,E2_latency_3,risk-parity,1,0.3363197188777247,5.386721411039592,0.6103896103896104,658
rates_drawdown_2022,E2_latency_3,risk-parity,2,0.40151056857844614,6.9222907935122215,0.601113172541744,648
rates_drawdown_2022,E2_latency_3,risk-parity,3,0.4327542779378051,6.323429815048169,0.5918367346938775,638
rates_drawdown_2022,E2_latency_3,minimum-variance,1,0.4048927550520751,7.264952993598491,0.6120930232558139,658
rates_drawdown_2022,E2_latency_3,minimum-variance,2,0.47420595662753007,9.17762712224787,0.6029822926374651,647
rates_drawdown_2022,E2_latency_3,minimum-variance,3,0.5066373225211642,7.969989320583697,0.5696913002806361,609
rates_drawdown_2022,E2_latency_3,random,1,0.3147387311360059,5.404243891779435,0.5814889336016097,578
rates_drawdown_2022,E2_latency_3,random,2,0.3972855825008703,7.346454910012312,0.6110562685093781,619
rates_drawdown_2022,E2_latency_3,random,3,0.44669443468112635,7.170347097262968,0.5803657362848893,603
rates_drawdown_2022,E2_participation_1pct,buy-and-hold,1,0.49826794132722574,8.575929394065286,0.8605313092979127,907
rates_drawdown_2022,E2_participation_1pct,buy-and-hold,2,0.5896914936810473,9.929961634640925,0.8603988603988604,906
rates_drawdown_2022,E2_participation_1pct,buy-and-hold,3,0.5995933421851336,9.621437909944962,0.8701050620821394,911
rates_drawdown_2022,E2_participation_1pct,signal-weighted,1,1.144290222033947,17.052116469959937,0.8033794162826421,523
rates_drawdown_2022,E2_participation_1pct,signal-weighted,2,1.312567029144431,17.828416936824404,0.8338150289017341,577
rates_drawdown_2022,E2_participation_1pct,signal-weighted,3,1.0539215267451127,15.21299443578485,0.8257261410788381,597
rates_drawdown_2022,E2_participation_1pct,naive-momentum,1,1.659825082195225,20.282270699630235,0.8323943661971831,591
rates_drawdown_2022,E2_participation_1pct,naive-momentum,2,1.8585863621582264,22.005954156296987,0.8295302013422818,618
rates_drawdown_2022,E2_participation_1pct,naive-momentum,3,1.7714369293131238,20.42892487943596,0.8437086092715231,637
rates_drawdown_2022,E2_participation_1pct,mean-reversion,1,-0.3996632573955048,-10.528470111073505,0.8609865470852018,384
rates_drawdown_2022,E2_participation_1pct,mean-reversion,2,-0.36289468291894944,-8.88616892635434,0.8287671232876712,363
rates_drawdown_2022,E2_participation_1pct,mean-reversion,3,-0.36416718416176974,-8.677055926719008,0.8333333333333334,365
rates_drawdown_2022,E2_participation_1pct,risk-parity,1,0.34560336600271424,6.667273533901945,0.8753488372093023,941
rates_drawdown_2022,E2_participation_1pct,risk-parity,2,0.4921701332430346,9.004559619784722,0.8608534322820037,928
rates_drawdown_2022,E2_participation_1pct,risk-parity,3,0.45799556454262236,7.745226944559887,0.8850787766450418,955
rates_drawdown_2022,E2_participation_1pct,minimum-variance,1,0.4281733010641984,8.546184714277315,0.8392523364485981,898
rates_drawdown_2022,E2_participation_1pct,minimum-variance,2,0.48312511585313467,9.808188118026054,0.8770949720670391,942
rates_drawdown_2022,E2_participation_1pct,minimum-variance,3,0.6038715139353112,10.992455738612074,0.8701787394167451,925
rates_drawdown_2022,E2_participation_1pct,random,1,0.24613744564187234,4.873128774945226,0.7774480712166172,786
rates_drawdown_2022,E2_participation_1pct,random,2,0.327826019647123,6.847546707044923,0.8011583011583011,830
rates_drawdown_2022,E2_participation_1pct,random,3,0.26039096619456137,4.654357983591958,0.8011472275334608,838
rates_drawdown_2022,E2_harsh_corner,buy-and-hold,1,0.4035237110123606,6.0728923790532745,0.6005586592178771,645
rates_drawdown_2022,E2_harsh_corner,buy-and-hold,2,0.34545468838262194,4.931277758870382,0.6247672253258846,671
rates_drawdown_2022,E2_harsh_corner,buy-and-hold,3,0.36089431488824597,5.708068350225429,0.6409302325581395,689
rates_drawdown_2022,E2_harsh_corner,signal-weighted,1,0.8773118660349457,12.66790671088506,0.5714285714285714,380
rates_drawdown_2022,E2_harsh_corner,signal-weighted,2,1.0914277999912163,12.997992169494415,0.5863509749303621,421
rates_drawdown_2022,E2_harsh_corner,signal-weighted,3,0.8366407611519535,10.438986999392215,0.5787292817679558,419
rates_drawdown_2022,E2_harsh_corner,naive-momentum,1,1.5625075235178385,16.32866567016567,0.5443548387096774,405
rates_drawdown_2022,E2_harsh_corner,naive-momentum,2,1.5912430478402304,14.507899539350744,0.5427461139896373,419
rates_drawdown_2022,E2_harsh_corner,naive-momentum,3,1.4980598189182928,14.679831503110456,0.5811320754716981,462
rates_drawdown_2022,E2_harsh_corner,mean-reversion,1,-0.3677767996490071,-8.948136256497001,0.5893617021276596,277
rates_drawdown_2022,E2_harsh_corner,mean-reversion,2,-0.2939745149086347,-6.216763170569803,0.5759493670886076,273
rates_drawdown_2022,E2_harsh_corner,mean-reversion,3,-0.25745285049478583,-4.483479581361398,0.5770833333333333,277
rates_drawdown_2022,E2_harsh_corner,risk-parity,1,0.23607890483029004,3.7809618050336433,0.5909090909090909,637
rates_drawdown_2022,E2_harsh_corner,risk-parity,2,0.35870661255809333,6.230986217287698,0.6029684601113172,650
rates_drawdown_2022,E2_harsh_corner,risk-parity,3,0.3717034950803215,5.403104203418578,0.5868152274837511,632
rates_drawdown_2022,E2_harsh_corner,minimum-variance,1,0.37579650213338645,7.296652553200025,0.6210428305400373,667
rates_drawdown_2022,E2_harsh_corner,minimum-variance,2,0.3928840422418911,7.6715485651420865,0.6169617893755824,662
rates_drawdown_2022,E2_harsh_corner,minimum-variance,3,0.46494085597817025,7.485657180757163,0.5757009345794393,616
rates_drawdown_2022,E2_harsh_corner,random,1,0.24914846178177008,4.406551582227431,0.581067472306143,577
rates_drawdown_2022,E2_harsh_corner,random,2,0.2918131584074448,5.748580004206127,0.6003976143141153,604
rates_drawdown_2022,E2_harsh_corner,random,3,0.39221645448361864,6.470189915624725,0.5761078998073218,598
recent_cross_asset,E0_ideal,buy-and-hold,1,0.5384810228720092,9.02494925923176,0.8916155419222904,872
recent_cross_asset,E0_ideal,buy-and-hold,2,0.6301541068674821,10.401246796473346,0.9237899073120495,897
recent_cross_asset,E0_ideal,buy-and-hold,3,0.6375303208823702,10.073300611108127,0.9005128205128206,878
recent_cross_asset,E0_ideal,signal-weighted,1,1.405621608962735,19.86039175968016,0.8686708860759493,549
recent_cross_asset,E0_ideal,signal-weighted,2,1.63444946004598,21.284720210855312,0.886094674556213,599
recent_cross_asset,E0_ideal,signal-weighted,3,1.4258348100876117,19.122637738711788,0.9073806078147613,627
recent_cross_asset,E0_ideal,naive-momentum,1,2.0534470891520016,24.505378915655367,0.9390070921985816,662
recent_cross_asset,E0_ideal,naive-momentum,2,2.289381041366845,26.16258166382683,0.9425444596443229,689
recent_cross_asset,E0_ideal,naive-momentum,3,2.125246469176689,23.35207736252009,0.943089430894309,696
recent_cross_asset,E0_ideal,mean-reversion,1,-0.3694014134620188,-10.600667931456826,0.9694835680751174,413
recent_cross_asset,E0_ideal,mean-reversion,2,-0.3324146361598753,-8.450718164372336,0.9387254901960784,383
recent_cross_asset,E0_ideal,mean-reversion,3,-0.288847169597519,-7.197568020076949,0.9609756097560975,394
recent_cross_asset,E0_ideal,risk-parity,1,0.5420366679221129,9.323792098937838,0.9258215962441314,986
recent_cross_asset,E0_ideal,risk-parity,2,0.6317281932408692,10.509380633778523,0.9292452830188679,985
recent_cross_asset,E0_ideal,risk-parity,3,0.6230636030679555,10.254141467851657,0.9340245051837889,991
recent_cross_asset,E0_ideal,minimum-variance,1,0.5793027181408126,11.237130956785759,0.9519321394910462,1010
recent_cross_asset,E0_ideal,minimum-variance,2,0.6765600047229914,13.49692461779824,0.931067044381492,986
recent_cross_asset,E0_ideal,minimum-variance,3,0.742261916772063,13.353178800423668,0.9281663516068053,982
recent_cross_asset,E0_ideal,random,1,0.32748579681030887,6.488917406482114,0.9301181102362205,945
recent_cross_asset,E0_ideal,random,2,0.5012432033571441,9.80222914831409,0.9381044487427466,970
recent_cross_asset,E0_ideal,random,3,0.5063057814917022,8.917018297413623,0.9420560747663551,1008
recent_cross_asset,E1_default_stress,buy-and-hold,1,0.49826794132722574,8.575929394065286,0.8605313092979127,907
recent_cross_asset,E1_default_stress,buy-and-hold,2,0.5896914936810473,9.929961634640925,0.8603988603988604,906
recent_cross_asset,E1_default_stress,buy-and-hold,3,0.5995933421851336,9.621437909944962,0.8701050620821394,911
recent_cross_asset,E1_default_stress,signal-weighted,1,1.144290222033947,17.052116469959937,0.8033794162826421,523
recent_cross_asset,E1_default_stress,signal-weighted,2,1.312567029144431,17.828416936824404,0.8338150289017341,577
recent_cross_asset,E1_default_stress,signal-weighted,3,1.0539215267451127,15.21299443578485,0.8257261410788381,597
recent_cross_asset,E1_default_stress,naive-momentum,1,1.659825082195225,20.282270699630235,0.8323943661971831,591
recent_cross_asset,E1_default_stress,naive-momentum,2,1.8585863621582264,22.005954156296987,0.8295302013422818,618
recent_cross_asset,E1_default_stress,naive-momentum,3,1.7714369293131238,20.42892487943596,0.8437086092715231,637
recent_cross_asset,E1_default_stress,mean-reversion,1,-0.3996632573955048,-10.528470111073505,0.8609865470852018,384
recent_cross_asset,E1_default_stress,mean-reversion,2,-0.36289468291894944,-8.88616892635434,0.8287671232876712,363
recent_cross_asset,E1_default_stress,mean-reversion,3,-0.36416718416176974,-8.677055926719008,0.8333333333333334,365
recent_cross_asset,E1_default_stress,risk-parity,1,0.34560336600271424,6.667273533901945,0.8753488372093023,941
recent_cross_asset,E1_default_stress,risk-parity,2,0.4921701332430346,9.004559619784722,0.8608534322820037,928
recent_cross_asset,E1_default_stress,risk-parity,3,0.45799556454262236,7.745226944559887,0.8850787766450418,955
recent_cross_asset,E1_default_stress,minimum-variance,1,0.4281733010641984,8.546184714277315,0.8392523364485981,898
recent_cross_asset,E1_default_stress,minimum-variance,2,0.48312511585313467,9.808188118026054,0.8770949720670391,942
recent_cross_asset,E1_default_stress,minimum-variance,3,0.6038715139353112,10.992455738612074,0.8701787394167451,925
recent_cross_asset,E1_default_stress,random,1,0.24613744564187234,4.873128774945226,0.7774480712166172,786
recent_cross_asset,E1_default_stress,random,2,0.327826019647123,6.847546707044923,0.8011583011583011,830
recent_cross_asset,E1_default_stress,random,3,0.26039096619456137,4.654357983591958,0.8011472275334608,838
recent_cross_asset,E2_spread_20bps,buy-and-hold,1,0.48834355091197246,8.423175882812444,0.8612167300380228,906
recent_cross_asset,E2_spread_20bps,buy-and-hold,2,0.5798222183316615,9.784692804357046,0.867816091954023,906
recent_cross_asset,E2_spread_20bps,buy-and-hold,3,0.5930970230002637,9.525863843454935,0.8787010506208214,920
recent_cross_asset,E2_spread_20bps,signal-weighted,1,1.0796139409308458,16.369124845933268,0.8003072196620584,521
recent_cross_asset,E2_spread_20bps,signal-weighted,2,1.245006335176825,17.102306738322373,0.836940836940837,580
recent_cross_asset,E2_spread_20bps,signal-weighted,3,0.976710524710414,14.374972919590443,0.8337950138504155,602
recent_cross_asset,E2_spread_20bps,naive-momentum,1,1.5492290841123335,19.28041196322915,0.823943661971831,585
recent_cross_asset,E2_spread_20bps,naive-momentum,2,1.7510588127169857,21.101781110418898,0.8333333333333334,620
recent_cross_asset,E2_spread_20bps,naive-momentum,3,1.6620868990382696,19.529963270921183,0.8514588859416445,642
recent_cross_asset,E2_spread_20bps,mean-reversion,1,-0.4217104455022548,-11.269304578839296,0.8565022421524664,382
recent_cross_asset,E2_spread_20bps,mean-reversion,2,-0.38889955486671157,-9.700283095763918,0.8333333333333334,365
recent_cross_asset,E2_spread_20bps,mean-reversion,3,-0.3932498537612651,-9.590277830499293,0.8375286041189931,366
recent_cross_asset,E2_spread_20bps,risk-parity,1,0.2890742950747811,5.716215217266331,0.8700092850510678,937
recent_cross_asset,E2_spread_20bps,risk-parity,2,0.43628322115751184,8.144422076447439,0.8513011152416357,916
recent_cross_asset,E2_spread_20bps,risk-parity,3,0.3950296733798011,6.848400238021082,0.8886827458256029,958
recent_cross_asset,E2_spread_20bps,minimum-variance,1,0.37745947757740494,7.66894177422451,0.8412698412698413,901
recent_cross_asset,E2_spread_20bps,minimum-variance,2,0.4310665646223928,8.90740081538203,0.8713886300093197,935
recent_cross_asset,E2_spread_20bps,minimum-variance,3,0.5536043567448994,10.231101516480456,0.8734655335221907,925
recent_cross_asset,E2_spread_20bps,random,1,0.1753144418879682,3.5527332621369987,0.7776679841897233,787
recent_cross_asset,E2_spread_20bps,random,2,0.24669668641305464,5.327677064026973,0.7976878612716763,828
recent_cross_asset,E2_spread_20bps,random,3,0.18119767635650752,3.3513988192218536,0.8070678127984718,845
recent_cross_asset,E2_latency_3,buy-and-hold,1,0.4573346603154258,6.967336410647267,0.6222014925373134,667
recent_cross_asset,E2_latency_3,buy-and-hold,2,0.4287688975163586,5.882601101702525,0.6189591078066915,666
recent_cross_asset,E2_latency_3,buy-and-hold,3,0.4507717967174063,6.97720813370607,0.6232427366447985,665
recent_cross_asset,E2_latency_3,signal-weighted,1,0.9476106574955339,13.434997279397702,0.5765765765765766,384
recent_cross_asset,E2_latency_3,signal-weighted,2,1.1443738822153673,13.482161484962495,0.5757997218358831,414
recent_cross_asset,E2_latency_3,signal-weighted,3,0.8787777578885696,10.827089339656373,0.576551724137931,418
recent_cross_asset,E2_latency_3,naive-momentum,1,1.6726876172366416,17.319271299302528,0.5527027027027027,409
recent_cross_asset,E2_latency_3,naive-momentum,2,1.6886259567191555,15.063031686718084,0.5401554404145078,417
recent_cross_asset,E2_latency_3,naive-momentum,3,1.5586972397412815,15.69608966935926,0.5822784810126582,460
recent_cross_asset,E2_latency_3,mean-reversion,1,-0.3456239868935336,-8.340670773065991,0.5753715498938429,271
recent_cross_asset,E2_latency_3,mean-reversion,2,-0.265773333521064,-5.525739458113585,0.5705263157894737,271
recent_cross_asset,E2_latency_3,mean-reversion,3,-0.2265296185416823,-3.864375817891133,0.5604166666666667,269
recent_cross_asset,E2_latency_3,risk-parity,1,0.3363197188777247,5.386721411039592,0.6103896103896104,658
recent_cross_asset,E2_latency_3,risk-parity,2,0.40151056857844614,6.9222907935122215,0.601113172541744,648
recent_cross_asset,E2_latency_3,risk-parity,3,0.4327542779378051,6.323429815048169,0.5918367346938775,638
recent_cross_asset,E2_latency_3,minimum-variance,1,0.4048927550520751,7.264952993598491,0.6120930232558139,658
recent_cross_asset,E2_latency_3,minimum-variance,2,0.47420595662753007,9.17762712224787,0.6029822926374651,647
recent_cross_asset,E2_latency_3,minimum-variance,3,0.5066373225211642,7.969989320583697,0.5696913002806361,609
recent_cross_asset,E2_latency_3,random,1,0.3147387311360059,5.404243891779435,0.5814889336016097,578
recent_cross_asset,E2_latency_3,random,2,0.3972855825008703,7.346454910012312,0.6110562685093781,619
recent_cross_asset,E2_latency_3,random,3,0.44669443468112635,7.170347097262968,0.5803657362848893,603
recent_cross_asset,E2_participation_1pct,buy-and-hold,1,0.49826794132722574,8.575929394065286,0.8605313092979127,907
recent_cross_asset,E2_participation_1pct,buy-and-hold,2,0.5896914936810473,9.929961634640925,0.8603988603988604,906
recent_cross_asset,E2_participation_1pct,buy-and-hold,3,0.5995933421851336,9.621437909944962,0.8701050620821394,911
recent_cross_asset,E2_participation_1pct,signal-weighted,1,1.144290222033947,17.052116469959937,0.8033794162826421,523
recent_cross_asset,E2_participation_1pct,signal-weighted,2,1.312567029144431,17.828416936824404,0.8338150289017341,577
recent_cross_asset,E2_participation_1pct,signal-weighted,3,1.0539215267451127,15.21299443578485,0.8257261410788381,597
recent_cross_asset,E2_participation_1pct,naive-momentum,1,1.659825082195225,20.282270699630235,0.8323943661971831,591
recent_cross_asset,E2_participation_1pct,naive-momentum,2,1.8585863621582264,22.005954156296987,0.8295302013422818,618
recent_cross_asset,E2_participation_1pct,naive-momentum,3,1.7714369293131238,20.42892487943596,0.8437086092715231,637
recent_cross_asset,E2_participation_1pct,mean-reversion,1,-0.3996632573955048,-10.528470111073505,0.8609865470852018,384
recent_cross_asset,E2_participation_1pct,mean-reversion,2,-0.36289468291894944,-8.88616892635434,0.8287671232876712,363
recent_cross_asset,E2_participation_1pct,mean-reversion,3,-0.36416718416176974,-8.677055926719008,0.8333333333333334,365
recent_cross_asset,E2_participation_1pct,risk-parity,1,0.34560336600271424,6.667273533901945,0.8753488372093023,941
recent_cross_asset,E2_participation_1pct,risk-parity,2,0.4921701332430346,9.004559619784722,0.8608534322820037,928
recent_cross_asset,E2_participation_1pct,risk-parity,3,0.45799556454262236,7.745226944559887,0.8850787766450418,955
recent_cross_asset,E2_participation_1pct,minimum-variance,1,0.4281733010641984,8.546184714277315,0.8392523364485981,898
recent_cross_asset,E2_participation_1pct,minimum-variance,2,0.48312511585313467,9.808188118026054,0.8770949720670391,942
recent_cross_asset,E2_participation_1pct,minimum-variance,3,0.6038715139353112,10.992455738612074,0.8701787394167451,925
recent_cross_asset,E2_participation_1pct,random,1,0.24613744564187234,4.873128774945226,0.7774480712166172,786
recent_cross_asset,E2_participation_1pct,random,2,0.327826019647123,6.847546707044923,0.8011583011583011,830
recent_cross_asset,E2_participation_1pct,random,3,0.26039096619456137,4.654357983591958,0.8011472275334608,838
recent_cross_asset,E2_harsh_corner,buy-and-hold,1,0.4035237110123606,6.0728923790532745,0.6005586592178771,645
recent_cross_asset,E2_harsh_corner,buy-and-hold,2,0.34545468838262194,4.931277758870382,0.6247672253258846,671
recent_cross_asset,E2_harsh_corner,buy-and-hold,3,0.36089431488824597,5.708068350225429,0.6409302325581395,689
recent_cross_asset,E2_harsh_corner,signal-weighted,1,0.8773118660349457,12.66790671088506,0.5714285714285714,380
recent_cross_asset,E2_harsh_corner,signal-weighted,2,1.0914277999912163,12.997992169494415,0.5863509749303621,421
recent_cross_asset,E2_harsh_corner,signal-weighted,3,0.8366407611519535,10.438986999392215,0.5787292817679558,419
recent_cross_asset,E2_harsh_corner,naive-momentum,1,1.5625075235178385,16.32866567016567,0.5443548387096774,405
recent_cross_asset,E2_harsh_corner,naive-momentum,2,1.5912430478402304,14.507899539350744,0.5427461139896373,419
recent_cross_asset,E2_harsh_corner,naive-momentum,3,1.4980598189182928,14.679831503110456,0.5811320754716981,462
recent_cross_asset,E2_harsh_corner,mean-reversion,1,-0.3677767996490071,-8.948136256497001,0.5893617021276596,277
recent_cross_asset,E2_harsh_corner,mean-reversion,2,-0.2939745149086347,-6.216763170569803,0.5759493670886076,273
recent_cross_asset,E2_harsh_corner,mean-reversion,3,-0.25745285049478583,-4.483479581361398,0.5770833333333333,277
recent_cross_asset,E2_harsh_corner,risk-parity,1,0.23607890483029004,3.7809618050336433,0.5909090909090909,637
recent_cross_asset,E2_harsh_corner,risk-parity,2,0.35870661255809333,6.230986217287698,0.6029684601113172,650
recent_cross_asset,E2_harsh_corner,risk-parity,3,0.3717034950803215,5.403104203418578,0.5868152274837511,632
recent_cross_asset,E2_harsh_corner,minimum-variance,1,0.37579650213338645,7.296652553200025,0.6210428305400373,667
recent_cross_asset,E2_harsh_corner,minimum-variance,2,0.3928840422418911,7.6715485651420865,0.6169617893755824,662
recent_cross_asset,E2_harsh_corner,minimum-variance,3,0.46494085597817025,7.485657180757163,0.5757009345794393,616
recent_cross_asset,E2_harsh_corner,random,1,0.24914846178177008,4.406551582227431,0.581067472306143,577
recent_cross_asset,E2_harsh_corner,random,2,0.2918131584074448,5.748580004206127,0.6003976143141153,604
recent_cross_asset,E2_harsh_corner,random,3,0.39221645448361864,6.470189915624725,0.5761078998073218,598
